{
  "agents-documenter.js": 1776278186.9272895,
  "agents-spec.js": 1776278186.9272895,
  "agents-ux.js": 1776278186.9272895,
  "agents.js": 1776448362.2770753,
  "code-integrator.js": 1775844967.4169502,
  "code-persister.js": 1775844967.4179478,
  "dashboard-monitor.js": 1776118898.2451375,
  "github-pr.js": 1776116308.9417365,
  "logger.js": 1776116308.9417365,
  "orchestrator.js": 1776278186.9272895,
  "port-manager.js": 1775844970.9263542,
  "repository-analyzer.js": 1775844970.9298787,
  "repository-manager.js": 1776116308.9417365,
  "retry.js": 1776291090.7713335,
  "server.js": 1776278186.936551,
  "skill-loader.js": 1776448362.2770753,
  "start.ps1": 1775844970.9926198,
  "config\\documentation.config.js": 1776116308.9417365,
  "tests\\integration.test.js": 1776116308.9417365,
  "tests\\playwright.config.js": 1776195428.9901853,
  "tests\\ui.test.js": 1776195428.9901853,
  "README.md": 1776117648.0664089,
  "skills\\analyst-agent\\SKILL.md": 1776453400.337394,
  "skills\\analyst-agent\\references\\api_reference.md": 1776453400.351233,
  "skills\\developer-agent\\SKILL.md": 1776453400.3595722,
  "skills\\developer-agent\\references\\api_reference.md": 1776453400.36567,
  "skills\\devops-agent\\SKILL.md": 1776453400.376037,
  "skills\\devops-agent\\references\\api_reference.md": 1776453400.382765,
  "skills\\documenter-agent\\SKILL.md": 1776453400.3910706,
  "skills\\qa-agent\\SKILL.md": 1776453400.39807,
  "skills\\qa-agent\\references\\api_reference.md": 1776453400.4055529,
  "skills\\security-agent\\SKILL.md": 1776453400.4115534,
  "skills\\spec-agent\\SKILL.md": 1776453400.4175532,
  "skills\\ui-ux-agent\\SKILL.md": 1776453400.4242659,
  "skills\\ui-ux-agent\\references\\api_reference.md": 1776453400.4295454
}